Year,Make,Model,Product Type,URL
2011,RAM,1500,Front Bumper,https://partifyusa.com/collections/2011-RAM-1500?filter.p.product_type=Front Bumper
2012,RAM,1500,Front Bumper,https://partifyusa.com/collections/2012-RAM-1500?filter.p.product_type=Front Bumper
2013,RAM,1500,Front Bumper,https://partifyusa.com/collections/2013-RAM-1500?filter.p.product_type=Front Bumper
2014,RAM,1500,Front Bumper,https://partifyusa.com/collections/2014-RAM-1500?filter.p.product_type=Front Bumper
2015,RAM,1500,Front Bumper,https://partifyusa.com/collections/2015-RAM-1500?filter.p.product_type=Front Bumper
2011,RAM,1500,Rear Bumper,https://partifyusa.com/collections/2011-RAM-1500?filter.p.product_type=Rear Bumper
2012,RAM,1500,Rear Bumper,https://partifyusa.com/collections/2012-RAM-1500?filter.p.product_type=Rear Bumper
2013,RAM,1500,Rear Bumper,https://partifyusa.com/collections/2013-RAM-1500?filter.p.product_type=Rear Bumper
2014,RAM,1500,Rear Bumper,https://partifyusa.com/collections/2014-RAM-1500?filter.p.product_type=Rear Bumper
2015,RAM,1500,Rear Bumper,https://partifyusa.com/collections/2015-RAM-1500?filter.p.product_type=Rear Bumper
2012,RAM,2500,Tailgate,https://partifyusa.com/collections/2012-RAM-2500?filter.p.product_type=Tailgate
2013,RAM,2500,Tailgate,https://partifyusa.com/collections/2013-RAM-2500?filter.p.product_type=Tailgate
2014,RAM,2500,Tailgate,https://partifyusa.com/collections/2014-RAM-2500?filter.p.product_type=Tailgate
2015,RAM,2500,Tailgate,https://partifyusa.com/collections/2015-RAM-2500?filter.p.product_type=Tailgate
2016,RAM,2500,Tailgate,https://partifyusa.com/collections/2016-RAM-2500?filter.p.product_type=Tailgate
2013,Toyota,Camry,Front Bumper,https://partifyusa.com/collections/2013-Toyota-Camry?filter.p.product_type=Front Bumper
2014,Toyota,Camry,Front Bumper,https://partifyusa.com/collections/2014-Toyota-Camry?filter.p.product_type=Front Bumper
2015,Toyota,Camry,Front Bumper,https://partifyusa.com/collections/2015-Toyota-Camry?filter.p.product_type=Front Bumper
2016,Toyota,Camry,Front Bumper,https://partifyusa.com/collections/2016-Toyota-Camry?filter.p.product_type=Front Bumper
2017,Toyota,Corolla,Front Bumper,https://partifyusa.com/collections/2017-Toyota-Corolla?filter.p.product_type=Front Bumper
2013,Toyota,Corolla,Passenger Side Fender,https://partifyusa.com/collections/2013-Toyota-Corolla?filter.p.product_type=Passenger Side Fender
2014,Toyota,Corolla,Passenger Side Fender,https://partifyusa.com/collections/2014-Toyota-Corolla?filter.p.product_type=Passenger Side Fender
2015,Toyota,Corolla,Passenger Side Fender,https://partifyusa.com/collections/2015-Toyota-Corolla?filter.p.product_type=Passenger Side Fender
2016,Toyota,Corolla,Passenger Side Fender,https://partifyusa.com/collections/2016-Toyota-Corolla?filter.p.product_type=Passenger Side Fender
2017,Toyota,Corolla,Passenger Side Fender,https://partifyusa.com/collections/2017-Toyota-Corolla?filter.p.product_type=Passenger Side Fender
